[
  {
    "value": "margarita",
    "synonyms": [
      "margarita",
      "normal",
      "basica",
      "básica",
      "pizza de queso"
    ]
  },
  {
    "value": "cuatro quesos",
    "synonyms": [
      "cuatro quesos"
    ]
  },
  {
    "value": "con peperoni",
    "synonyms": [
      "peperoni",
      "pepperoni",
      "de peperoni",
      "de pepperoni"
    ]
  },
  {
    "value": "cuatro estaciones",
    "synonyms": [
      "cuatro estaciones"
    ]
  },
  {
    "value": "hawaiana",
    "synonyms": [
      "hawaiana",
      "con piña",
      "de piña"
    ]
  },
  {
    "value": "funghi",
    "synonyms": [
      "fhungi",
      "champiñones",
      "con champiñones",
      "funghi"
    ]
  },
  {
    "value": "napolitana",
    "synonyms": [
      "napolitana"
    ]
  },
  {
    "value": "vegetariana",
    "synonyms": [
      "vegetariana",
      "vegana",
      "vegetales",
      "de vegetales",
      "veggie",
      "con vegetales"
    ]
  }
]