[
  {
    "value": "peperoni",
    "synonyms": [
      "peperoni",
      "Pepperoni",
      "Salchichón picante"
    ]
  },
  {
    "value": "salchicha",
    "synonyms": [
      "salchicha",
      "chorizo"
    ]
  },
  {
    "value": "champiñones",
    "synonyms": [
      "champiñones",
      "hongos",
      "setas",
      "con champiñones",
      "con hongos",
      "con setas"
    ]
  },
  {
    "value": "queso extra",
    "synonyms": [
      "queso extra",
      "más queso",
      "doble queso",
      "queso adicional",
      "extra cheese"
    ]
  },
  {
    "value": "tocino",
    "synonyms": [
      "tocino",
      "tocineta",
      "bacon",
      "panceta"
    ]
  },
  {
    "value": "cebolla",
    "synonyms": [
      "cebolla",
      "cebollas"
    ]
  },
  {
    "value": "pimentón",
    "synonyms": [
      "pimentón",
      "pimientos",
      "pimientos verdes"
    ]
  },
  {
    "value": "aceitunas",
    "synonyms": [
      "aceitunas",
      "aceitunas negras",
      "olives",
      "olivas negras"
    ]
  },
  {
    "value": "jamón",
    "synonyms": [
      "jamón",
      "jamon",
      "ham"
    ]
  },
  {
    "value": "anchoas",
    "synonyms": [
      "anchoas",
      "anchoa"
    ]
  },
  {
    "value": "piña",
    "synonyms": [
      "piña",
      "anana"
    ]
  }
]