[
  {
    "id": "92bf242f-82db-4929-9fbe-6343071967e8",
    "data": [
      {
        "text": "sí, ",
        "userDefined": false
      },
      {
        "text": "cebolla",
        "meta": "@topping",
        "alias": "topping",
        "userDefined": false
      },
      {
        "text": " y ",
        "userDefined": false
      },
      {
        "text": "maíz",
        "meta": "@topping",
        "alias": "topping",
        "userDefined": false
      }
    ],
    "isTemplate": false,
    "count": 0,
    "lang": "es",
    "updated": 0
  },
  {
    "id": "e5b7dec1-8125-46bb-86a2-6bdc93492cf3",
    "data": [
      {
        "text": "agrega ",
        "userDefined": false
      },
      {
        "text": "cebolla",
        "meta": "@topping",
        "alias": "topping",
        "userDefined": false
      },
      {
        "text": " y ",
        "userDefined": false
      },
      {
        "text": "tocino",
        "meta": "@topping",
        "alias": "topping",
        "userDefined": false
      }
    ],
    "isTemplate": false,
    "count": 0,
    "lang": "es",
    "updated": 0
  },
  {
    "id": "46ed5647-1802-404e-8384-229faed3c070",
    "data": [
      {
        "text": "sí, quiero ",
        "userDefined": false
      },
      {
        "text": "cebolla",
        "meta": "@topping",
        "alias": "topping",
        "userDefined": false
      },
      {
        "text": " y ",
        "userDefined": false
      },
      {
        "text": "maíz",
        "meta": "@topping",
        "alias": "topping",
        "userDefined": false
      }
    ],
    "isTemplate": false,
    "count": 0,
    "lang": "es",
    "updated": 0
  },
  {
    "id": "f2d0c429-c3d1-44be-86fe-d7f9e9b4d454",
    "data": [
      {
        "text": "si, por favor",
        "userDefined": false
      }
    ],
    "isTemplate": false,
    "count": 0,
    "lang": "es",
    "updated": 0
  },
  {
    "id": "010058a6-79e4-4ca5-afc2-4abf1f2ae3a2",
    "data": [
      {
        "text": "sí, por favor",
        "userDefined": false
      }
    ],
    "isTemplate": false,
    "count": 2,
    "lang": "es",
    "updated": 0
  },
  {
    "id": "07e47fb6-ea7d-4190-b79c-2c1fe2ba8145",
    "data": [
      {
        "text": "si por favor",
        "userDefined": false
      }
    ],
    "isTemplate": false,
    "count": 1,
    "lang": "es",
    "updated": 0
  },
  {
    "id": "4be6f4e4-9185-4c5f-99c4-1b4edcac985e",
    "data": [
      {
        "text": "sí",
        "userDefined": false
      }
    ],
    "isTemplate": false,
    "count": 0,
    "lang": "es",
    "updated": 0
  },
  {
    "id": "4ca500a7-b84c-4344-9b7e-96b43d0c5155",
    "data": [
      {
        "text": "si",
        "userDefined": false
      }
    ],
    "isTemplate": false,
    "count": 0,
    "lang": "es",
    "updated": 0
  },
  {
    "id": "8463a757-655f-49b8-b4a3-067f7da500fd",
    "data": [
      {
        "text": "cebollas",
        "meta": "@topping",
        "alias": "topping",
        "userDefined": false
      },
      {
        "text": ", ",
        "userDefined": false
      },
      {
        "text": "tocineta",
        "meta": "@topping",
        "alias": "topping",
        "userDefined": false
      },
      {
        "text": " y ",
        "userDefined": false
      },
      {
        "text": "maiz",
        "meta": "@topping",
        "alias": "topping",
        "userDefined": false
      }
    ],
    "isTemplate": false,
    "count": 0,
    "lang": "es",
    "updated": 0
  },
  {
    "id": "1b06af42-ecf0-465f-aa1c-32dcbe43a45f",
    "data": [
      {
        "text": "Añade ",
        "userDefined": false
      },
      {
        "text": "champiñones",
        "meta": "@topping",
        "alias": "topping",
        "userDefined": false
      },
      {
        "text": " y ",
        "userDefined": false
      },
      {
        "text": "peperoni",
        "meta": "@topping",
        "alias": "topping",
        "userDefined": false
      }
    ],
    "isTemplate": false,
    "count": 0,
    "lang": "es",
    "updated": 0
  }
]