[
  {
    "id": "c0980ba9-c906-49cb-8133-550ea9ea0d5a",
    "data": [
      {
        "text": "1234",
        "meta": "@orderID",
        "alias": "orderID",
        "userDefined": true
      }
    ],
    "isTemplate": false,
    "count": 0,
    "lang": "es",
    "updated": 0
  },
  {
    "id": "6d44b329-df93-4cc6-bc82-582aee2f3f77",
    "data": [
      {
        "text": "qué tiene la orden ",
        "userDefined": false
      },
      {
        "text": "1234",
        "meta": "@orderID",
        "alias": "orderID",
        "userDefined": true
      }
    ],
    "isTemplate": false,
    "count": 0,
    "lang": "es",
    "updated": 0
  },
  {
    "id": "69000745-d38c-4b10-bc39-26bf5495bae1",
    "data": [
      {
        "text": "verificar orden",
        "userDefined": false
      }
    ],
    "isTemplate": false,
    "count": 0,
    "lang": "es",
    "updated": 0
  },
  {
    "id": "4e2012bb-ee94-40cc-ba8a-0441cfc35d98",
    "data": [
      {
        "text": "orden ",
        "userDefined": false
      },
      {
        "text": "H473",
        "meta": "@orderID",
        "alias": "orderID",
        "userDefined": true
      }
    ],
    "isTemplate": false,
    "count": 0,
    "lang": "es",
    "updated": 0
  },
  {
    "id": "c58dfbe5-68dd-4274-af40-074ae5530d88",
    "data": [
      {
        "text": "Detalles de orden ",
        "userDefined": false
      },
      {
        "text": "HSD3",
        "meta": "@orderID",
        "alias": "orderID",
        "userDefined": true
      }
    ],
    "isTemplate": false,
    "count": 0,
    "lang": "es",
    "updated": 0
  },
  {
    "id": "1cdfccdd-96a7-4e3b-9c2d-b10d9cb19960",
    "data": [
      {
        "text": "Muestrame detalles de la orden ",
        "userDefined": false
      },
      {
        "text": "A6SG",
        "meta": "@orderID",
        "alias": "orderID",
        "userDefined": true
      }
    ],
    "isTemplate": false,
    "count": 0,
    "lang": "es",
    "updated": 0
  },
  {
    "id": "bd2551c5-145b-46c8-9e5e-d218d89dd493",
    "data": [
      {
        "text": "Muestrame la orden con id ",
        "userDefined": false
      },
      {
        "text": "A4S8",
        "meta": "@orderID",
        "alias": "orderID",
        "userDefined": true
      }
    ],
    "isTemplate": false,
    "count": 0,
    "lang": "es",
    "updated": 0
  }
]