[
  {
    "id": "756fd32f-44d5-4417-ad9e-af3b3dfc6b5b",
    "data": [
      {
        "text": "cerrar",
        "userDefined": false
      }
    ],
    "isTemplate": false,
    "count": 1,
    "lang": "es",
    "updated": 0
  },
  {
    "id": "23854dbd-85c3-406b-a0e2-e9b067a64c2d",
    "data": [
      {
        "text": "hasta luego",
        "userDefined": false
      }
    ],
    "isTemplate": false,
    "count": 0,
    "lang": "es",
    "updated": 0
  },
  {
    "id": "ff6bd449-7a83-4c64-83a4-a7462e4fe500",
    "data": [
      {
        "text": "nos vemos",
        "userDefined": false
      }
    ],
    "isTemplate": false,
    "count": 0,
    "lang": "es",
    "updated": 0
  },
  {
    "id": "6c497758-e218-4867-a805-6fbeed588b57",
    "data": [
      {
        "text": "fin",
        "userDefined": false
      }
    ],
    "isTemplate": false,
    "count": 0,
    "lang": "es",
    "updated": 0
  },
  {
    "id": "53b9a28d-9ffb-46ff-8785-52568de0d724",
    "data": [
      {
        "text": "adios",
        "userDefined": false
      }
    ],
    "isTemplate": false,
    "count": 0,
    "lang": "es",
    "updated": 0
  }
]