[
  {
    "id": "0e767657-c802-4f61-a385-d2ad370d308d",
    "data": [
      {
        "text": "buenas",
        "userDefined": false
      }
    ],
    "isTemplate": false,
    "count": 0,
    "lang": "es",
    "updated": 0
  },
  {
    "id": "11261b3d-d007-4fe9-98e8-d6ef3198d4f6",
    "data": [
      {
        "text": "buenas tardes, quiero ordenar",
        "userDefined": false
      }
    ],
    "isTemplate": false,
    "count": 0,
    "lang": "es",
    "updated": 0
  },
  {
    "id": "2f161b04-e2de-446c-82a5-95a540f83c23",
    "data": [
      {
        "text": "buen día, quiero ordenar",
        "userDefined": false
      }
    ],
    "isTemplate": false,
    "count": 0,
    "lang": "es",
    "updated": 0
  },
  {
    "id": "7a2bf836-9692-408b-92c6-06fe2fd44289",
    "data": [
      {
        "text": "buenas noches",
        "userDefined": false
      }
    ],
    "isTemplate": false,
    "count": 0,
    "lang": "es",
    "updated": 0
  },
  {
    "id": "e12f3fc1-c86e-4e1b-9140-73175318562f",
    "data": [
      {
        "text": "buen día",
        "userDefined": false
      }
    ],
    "isTemplate": false,
    "count": 0,
    "lang": "es",
    "updated": 0
  },
  {
    "id": "cc76833e-eec3-481c-93e6-7675b0af0775",
    "data": [
      {
        "text": "buenas tardes",
        "userDefined": false
      }
    ],
    "isTemplate": false,
    "count": 0,
    "lang": "es",
    "updated": 0
  },
  {
    "id": "0249f7c9-55b7-492f-adf5-d90bc574714e",
    "data": [
      {
        "text": "hay alguien?",
        "userDefined": false
      }
    ],
    "isTemplate": false,
    "count": 0,
    "lang": "es",
    "updated": 0
  },
  {
    "id": "dfccb75c-1b54-4571-8385-01d444d5096e",
    "data": [
      {
        "text": "hola?",
        "userDefined": false
      }
    ],
    "isTemplate": false,
    "count": 0,
    "lang": "es",
    "updated": 0
  },
  {
    "id": "e1b42b41-3334-4982-a9bd-b06e78e7a9a8",
    "data": [
      {
        "text": "Estás ahí?",
        "userDefined": false
      }
    ],
    "isTemplate": false,
    "count": 0,
    "lang": "es",
    "updated": 0
  },
  {
    "id": "f3f6b661-ba43-4260-bfd1-cf16418ed082",
    "data": [
      {
        "text": "hola",
        "userDefined": false
      }
    ],
    "isTemplate": false,
    "count": 0,
    "lang": "es",
    "updated": 0
  },
  {
    "id": "654972a0-46e4-45a0-8617-71900f5f2d5a",
    "data": [
      {
        "text": "hey",
        "userDefined": false
      }
    ],
    "isTemplate": false,
    "count": 0,
    "lang": "es",
    "updated": 0
  },
  {
    "id": "e3220086-27b7-4e17-9993-e00f5f8d0fee",
    "data": [
      {
        "text": "saludos",
        "userDefined": false
      }
    ],
    "isTemplate": false,
    "count": 0,
    "lang": "es",
    "updated": 0
  },
  {
    "id": "f27b941e-e896-4354-940b-f289b2697303",
    "data": [
      {
        "text": "hey ho",
        "userDefined": false
      }
    ],
    "isTemplate": false,
    "count": 0,
    "lang": "es",
    "updated": 0
  }
]