[
  {
    "id": "e3407458-58dc-4851-8296-53455e2f1b07",
    "data": [
      {
        "text": "¿qué puedo pedir?",
        "userDefined": false
      }
    ],
    "isTemplate": false,
    "count": 0,
    "lang": "es",
    "updated": 0
  },
  {
    "id": "ead3fa92-c5e3-404c-8bcf-c9a7f3c80144",
    "data": [
      {
        "text": "qué puedo pedir",
        "userDefined": false
      }
    ],
    "isTemplate": false,
    "count": 0,
    "lang": "es",
    "updated": 0
  },
  {
    "id": "f00b4518-e099-4b08-9126-c01376c4fb38",
    "data": [
      {
        "text": "qué hay?",
        "userDefined": false
      }
    ],
    "isTemplate": false,
    "count": 0,
    "lang": "es",
    "updated": 0
  },
  {
    "id": "1300b283-c819-4d6e-9e68-b60914e3e0cd",
    "data": [
      {
        "text": "muestrame el menú",
        "userDefined": false
      }
    ],
    "isTemplate": false,
    "count": 0,
    "lang": "es",
    "updated": 0
  },
  {
    "id": "1204dd7a-265e-4949-9d4b-03562c0cb7e6",
    "data": [
      {
        "text": "opciones disponibles",
        "userDefined": false
      }
    ],
    "isTemplate": false,
    "count": 0,
    "lang": "es",
    "updated": 0
  },
  {
    "id": "6849c912-4f90-4946-9761-f25bbd51c8b6",
    "data": [
      {
        "text": "carta",
        "userDefined": false
      }
    ],
    "isTemplate": false,
    "count": 0,
    "lang": "es",
    "updated": 0
  },
  {
    "id": "facd00cc-304d-4bbf-a8a6-ced20dcb4d1c",
    "data": [
      {
        "text": "muestrame las opciones",
        "userDefined": false
      }
    ],
    "isTemplate": false,
    "count": 0,
    "lang": "es",
    "updated": 0
  },
  {
    "id": "9aecdc1c-de10-450e-8f0d-5884d6e5405d",
    "data": [
      {
        "text": "muestrame la carta",
        "userDefined": false
      }
    ],
    "isTemplate": false,
    "count": 0,
    "lang": "es",
    "updated": 0
  },
  {
    "id": "d3b8e2b9-dca7-4044-9a53-a84104238ebc",
    "data": [
      {
        "text": "¿qué opciones hay?",
        "userDefined": false
      }
    ],
    "isTemplate": false,
    "count": 0,
    "lang": "es",
    "updated": 0
  },
  {
    "id": "898b8150-de28-4678-974b-33be0ad95369",
    "data": [
      {
        "text": "opciones",
        "userDefined": false
      }
    ],
    "isTemplate": false,
    "count": 0,
    "lang": "es",
    "updated": 0
  },
  {
    "id": "4c01c1ec-8fe1-44d6-8057-66c9e25a889b",
    "data": [
      {
        "text": "opciones por favor",
        "userDefined": false
      }
    ],
    "isTemplate": false,
    "count": 0,
    "lang": "es",
    "updated": 0
  },
  {
    "id": "a5410384-1375-4e0c-ab66-048caf180c53",
    "data": [
      {
        "text": "la carta por favor",
        "userDefined": false
      }
    ],
    "isTemplate": false,
    "count": 0,
    "lang": "es",
    "updated": 0
  },
  {
    "id": "1ed356bc-5565-49ae-9ee3-a5d8b10630ce",
    "data": [
      {
        "text": "que opciones opciones hay?",
        "userDefined": false
      }
    ],
    "isTemplate": false,
    "count": 0,
    "lang": "es",
    "updated": 0
  },
  {
    "id": "7a2204a9-efed-414b-904f-1eab6bd6f0f4",
    "data": [
      {
        "text": "que opciones tengo?",
        "userDefined": false
      }
    ],
    "isTemplate": false,
    "count": 0,
    "lang": "es",
    "updated": 0
  },
  {
    "id": "bfb89b24-6704-45dd-b922-eeac59370854",
    "data": [
      {
        "text": "muestrame el menu por favor",
        "userDefined": false
      }
    ],
    "isTemplate": false,
    "count": 0,
    "lang": "es",
    "updated": 0
  },
  {
    "id": "ffc63ab2-9dcc-4ade-95f5-139006839924",
    "data": [
      {
        "text": "muestrame el menu",
        "userDefined": false
      }
    ],
    "isTemplate": false,
    "count": 0,
    "lang": "es",
    "updated": 0
  },
  {
    "id": "aeb69ab8-7375-4135-a9f7-a470a36d200d",
    "data": [
      {
        "text": "que opciones hay?",
        "userDefined": false
      }
    ],
    "isTemplate": false,
    "count": 0,
    "lang": "es",
    "updated": 0
  },
  {
    "id": "66da28a0-b453-4d3c-be76-58683a49bb6c",
    "data": [
      {
        "text": "menu",
        "userDefined": false
      }
    ],
    "isTemplate": false,
    "count": 0,
    "lang": "es",
    "updated": 0
  },
  {
    "id": "0755883a-a5e5-4bc4-bb62-99dcf23b8708",
    "data": [
      {
        "text": "menú",
        "userDefined": false
      }
    ],
    "isTemplate": false,
    "count": 0,
    "lang": "es",
    "updated": 0
  }
]