[
  {
    "id": "e6a98ed4-d7bb-4bb0-bcef-936c529f4aa3",
    "data": [
      {
        "text": "procesar pedido",
        "userDefined": false
      }
    ],
    "isTemplate": false,
    "count": 0,
    "lang": "es",
    "updated": 0
  },
  {
    "id": "d127a40a-4f5f-4081-95ec-210d4da78586",
    "data": [
      {
        "text": "procesar orden",
        "userDefined": false
      }
    ],
    "isTemplate": false,
    "count": 0,
    "lang": "es",
    "updated": 0
  },
  {
    "id": "cfd91a25-adc2-47c4-a567-29542e159938",
    "data": [
      {
        "text": "procesar",
        "userDefined": false
      }
    ],
    "isTemplate": false,
    "count": 0,
    "lang": "es",
    "updated": 0
  },
  {
    "id": "2a34c8c2-d762-451d-b2ff-a7a677393628",
    "data": [
      {
        "text": "realizar pedido",
        "userDefined": false
      }
    ],
    "isTemplate": false,
    "count": 0,
    "lang": "es",
    "updated": 0
  },
  {
    "id": "cf6c5f1b-291e-45fd-881f-47649e7f98c8",
    "data": [
      {
        "text": "confirmar orden",
        "userDefined": false
      }
    ],
    "isTemplate": false,
    "count": 0,
    "lang": "es",
    "updated": 0
  },
  {
    "id": "741baa52-422c-4001-9689-c4c53a716692",
    "data": [
      {
        "text": "confirmar",
        "userDefined": false
      }
    ],
    "isTemplate": false,
    "count": 0,
    "lang": "es",
    "updated": 0
  }
]