[
  {
    "id": "bd84d79d-0db7-4398-8d0b-1133c8163ce4",
    "data": [
      {
        "text": "sin extras por favor",
        "userDefined": false
      }
    ],
    "isTemplate": false,
    "count": 0,
    "lang": "es",
    "updated": 0
  },
  {
    "id": "56043cba-cd4e-403e-93e0-10830f6a42f6",
    "data": [
      {
        "text": "sin extras",
        "userDefined": false
      }
    ],
    "isTemplate": false,
    "count": 0,
    "lang": "es",
    "updated": 0
  },
  {
    "id": "15bb7742-99e4-478d-ab1a-f7a02963e437",
    "data": [
      {
        "text": "asi esta bien",
        "userDefined": false
      }
    ],
    "isTemplate": false,
    "count": 0,
    "lang": "es",
    "updated": 0
  },
  {
    "id": "dfd7f6ce-391b-49cf-bcc6-53a5f41b8301",
    "data": [
      {
        "text": "así está bien",
        "userDefined": false
      }
    ],
    "isTemplate": false,
    "count": 0,
    "lang": "es",
    "updated": 0
  },
  {
    "id": "44ef6803-714b-43bf-9c66-33985395b71a",
    "data": [
      {
        "text": "no, por favor",
        "userDefined": false
      }
    ],
    "isTemplate": false,
    "count": 0,
    "lang": "es",
    "updated": 0
  },
  {
    "id": "b9bdb1bc-27a9-4a7a-88fa-2b4cc9dce99c",
    "data": [
      {
        "text": "no, gracias",
        "userDefined": false
      }
    ],
    "isTemplate": false,
    "count": 0,
    "lang": "es",
    "updated": 0
  },
  {
    "id": "2743ce07-8630-4be8-a57e-36905bedc5ed",
    "data": [
      {
        "text": "no gracias",
        "userDefined": false
      }
    ],
    "isTemplate": false,
    "count": 0,
    "lang": "es",
    "updated": 0
  },
  {
    "id": "a17d8485-4a38-438f-80af-e72109f539ca",
    "data": [
      {
        "text": "no",
        "userDefined": false
      }
    ],
    "isTemplate": false,
    "count": 0,
    "lang": "es",
    "updated": 0
  }
]