[
  {
    "id": "6e96690e-140d-4ef4-8aa6-5556b8b8b390",
    "data": [
      {
        "text": "borrar todo",
        "userDefined": false
      }
    ],
    "isTemplate": false,
    "count": 0,
    "lang": "es",
    "updated": 0
  },
  {
    "id": "ceb9c81d-267f-4e42-b3d4-f88cd246803c",
    "data": [
      {
        "text": "borra todo",
        "userDefined": false
      }
    ],
    "isTemplate": false,
    "count": 0,
    "lang": "es",
    "updated": 0
  },
  {
    "id": "83ba707c-78ce-4ad2-ba28-5454d50262fb",
    "data": [
      {
        "text": "borrar",
        "userDefined": false
      }
    ],
    "isTemplate": false,
    "count": 0,
    "lang": "es",
    "updated": 0
  },
  {
    "id": "ed6b619d-446b-4600-bf4d-3f73965b7027",
    "data": [
      {
        "text": "olvidalo",
        "userDefined": false
      }
    ],
    "isTemplate": false,
    "count": 0,
    "lang": "es",
    "updated": 0
  },
  {
    "id": "38e2c03b-3c36-4a23-ac42-07a4d7a16cb3",
    "data": [
      {
        "text": "cancelar orden",
        "userDefined": false
      }
    ],
    "isTemplate": false,
    "count": 0,
    "lang": "es",
    "updated": 0
  },
  {
    "id": "1e41af10-ebea-419e-92f6-789b5e909c96",
    "data": [
      {
        "text": "cancelar",
        "userDefined": false
      }
    ],
    "isTemplate": false,
    "count": 0,
    "lang": "es",
    "updated": 0
  }
]